cluster	sub_cluster
PSCM control_3	PSCM control	3
PSCM control_19	PSCM control	19
PSCM control_6	PSCM control	6
PSCM control_24	PSCM control	24
PSCM control_2	PSCM control	2
PSCM control_11	PSCM control	11
PSCM control_10	PSCM control	10
PSCM control_9	PSCM control	9
PSCM control_12	PSCM control	12
PSCM control_8	PSCM control	8
PSCM control_15	PSCM control	15
PSCM control_25	PSCM control	25
PSCM control_22	PSCM control	22
PSCM control_1	PSCM control	1
PSCM control_13	PSCM control	13
PSCM control_5	PSCM control	5
PSCM control_7	PSCM control	7
PSCM control_23	PSCM control	23
PSCM control_4	PSCM control	4
PSCM control_21	PSCM control	21
PSCM control_14	PSCM control	14
PSCM control_18	PSCM control	18
PSCM control_16	PSCM control	16
PSCM control_17	PSCM control	17
PSCM control_20	PSCM control	20
PSCM acute_5	PSCM acute	5
PSCM acute_8	PSCM acute	8
PSCM acute_30	PSCM acute	30
PSCM acute_29	PSCM acute	29
PSCM acute_11	PSCM acute	11
PSCM acute_16	PSCM acute	16
PSCM acute_21	PSCM acute	21
PSCM acute_18	PSCM acute	18
PSCM acute_22	PSCM acute	22
PSCM acute_28	PSCM acute	28
PSCM acute_15	PSCM acute	15
PSCM acute_31	PSCM acute	31
PSCM acute_24	PSCM acute	24
PSCM acute_25	PSCM acute	25
PSCM acute_7	PSCM acute	7
PSCM acute_10	PSCM acute	10
PSCM acute_1	PSCM acute	1
PSCM acute_17	PSCM acute	17
PSCM acute_12	PSCM acute	12
PSCM acute_33	PSCM acute	33
PSCM acute_20	PSCM acute	20
PSCM acute_13	PSCM acute	13
PSCM acute_2	PSCM acute	2
PSCM acute_19	PSCM acute	19
PSCM acute_23	PSCM acute	23
PSCM acute_32	PSCM acute	32
PSCM acute_3	PSCM acute	3
PSCM acute_9	PSCM acute	9
PSCM acute_4	PSCM acute	4
PSCM acute_14	PSCM acute	14
PSCM acute_34	PSCM acute	34
PSCM acute_26	PSCM acute	26
PSCM acute_27	PSCM acute	27
PSCM acute_6	PSCM acute	6
PSCM 18hr_27	PSCM 18hr	27
PSCM 18hr_2	PSCM 18hr	2
PSCM 18hr_19	PSCM 18hr	19
PSCM 18hr_5	PSCM 18hr	5
PSCM 18hr_10	PSCM 18hr	10
PSCM 18hr_17	PSCM 18hr	17
PSCM 18hr_6	PSCM 18hr	6
PSCM 18hr_16	PSCM 18hr	16
PSCM 18hr_24	PSCM 18hr	24
PSCM 18hr_20	PSCM 18hr	20
PSCM 18hr_33	PSCM 18hr	33
PSCM 18hr_25	PSCM 18hr	25
PSCM 18hr_9	PSCM 18hr	9
PSCM 18hr_15	PSCM 18hr	15
PSCM 18hr_1	PSCM 18hr	1
PSCM 18hr_3	PSCM 18hr	3
PSCM 18hr_26	PSCM 18hr	26
PSCM 18hr_4	PSCM 18hr	4
PSCM 18hr_28	PSCM 18hr	28
PSCM 18hr_14	PSCM 18hr	14
PSCM 18hr_31	PSCM 18hr	31
PSCM 18hr_37	PSCM 18hr	37
PSCM 18hr_12	PSCM 18hr	12
PSCM 18hr_34	PSCM 18hr	34
PSCM 18hr_21	PSCM 18hr	21
PSCM 18hr_18	PSCM 18hr	18
PSCM 18hr_29	PSCM 18hr	29
PSCM 18hr_11	PSCM 18hr	11
PSCM 18hr_35	PSCM 18hr	35
PSCM 18hr_7	PSCM 18hr	7
PSCM 18hr_23	PSCM 18hr	23
PSCM 18hr_32	PSCM 18hr	32
PSCM 18hr_8	PSCM 18hr	8
PSCM 18hr_30	PSCM 18hr	30
PSCM 18hr_36	PSCM 18hr	36
PSCM 18hr_13	PSCM 18hr	13
PSCM 18hr_22	PSCM 18hr	22
PSCM re-stimulation_3	PSCM re-stimulation	3
PSCM re-stimulation_30	PSCM re-stimulation	30
PSCM re-stimulation_35	PSCM re-stimulation	35
PSCM re-stimulation_27	PSCM re-stimulation	27
PSCM re-stimulation_26	PSCM re-stimulation	26
PSCM re-stimulation_28	PSCM re-stimulation	28
PSCM re-stimulation_1	PSCM re-stimulation	1
PSCM re-stimulation_5	PSCM re-stimulation	5
PSCM re-stimulation_13	PSCM re-stimulation	13
PSCM re-stimulation_10	PSCM re-stimulation	10
PSCM re-stimulation_4	PSCM re-stimulation	4
PSCM re-stimulation_7	PSCM re-stimulation	7
PSCM re-stimulation_21	PSCM re-stimulation	21
PSCM re-stimulation_11	PSCM re-stimulation	11
PSCM re-stimulation_8	PSCM re-stimulation	8
PSCM re-stimulation_6	PSCM re-stimulation	6
PSCM re-stimulation_33	PSCM re-stimulation	33
PSCM re-stimulation_20	PSCM re-stimulation	20
PSCM re-stimulation_18	PSCM re-stimulation	18
PSCM re-stimulation_2	PSCM re-stimulation	2
PSCM re-stimulation_25	PSCM re-stimulation	25
PSCM re-stimulation_15	PSCM re-stimulation	15
PSCM re-stimulation_31	PSCM re-stimulation	31
PSCM re-stimulation_34	PSCM re-stimulation	34
PSCM re-stimulation_12	PSCM re-stimulation	12
PSCM re-stimulation_19	PSCM re-stimulation	19
PSCM re-stimulation_29	PSCM re-stimulation	29
PSCM re-stimulation_22	PSCM re-stimulation	22
PSCM re-stimulation_16	PSCM re-stimulation	16
PSCM re-stimulation_23	PSCM re-stimulation	23
PSCM re-stimulation_9	PSCM re-stimulation	9
PSCM re-stimulation_14	PSCM re-stimulation	14
PSCM re-stimulation_24	PSCM re-stimulation	24
PSCM re-stimulation_32	PSCM re-stimulation	32
PSCM re-stimulation_17	PSCM re-stimulation	17
MDM control_2	MDM control	2
MDM control_5	MDM control	5
MDM control_4	MDM control	4
MDM control_3	MDM control	3
MDM control_6	MDM control	6
MDM control_9	MDM control	9
MDM control_8	MDM control	8
MDM control_1	MDM control	1
MDM control_7	MDM control	7
MDM acute_2	MDM acute	2
MDM acute_5	MDM acute	5
MDM acute_6	MDM acute	6
MDM acute_1	MDM acute	1
MDM acute_8	MDM acute	8
MDM acute_12	MDM acute	12
MDM acute_11	MDM acute	11
MDM acute_13	MDM acute	13
MDM acute_3	MDM acute	3
MDM acute_4	MDM acute	4
MDM acute_10	MDM acute	10
MDM acute_9	MDM acute	9
MDM acute_7	MDM acute	7
MDM 18hr_3	MDM 18hr	3
MDM 18hr_43	MDM 18hr	43
MDM 18hr_35	MDM 18hr	35
MDM 18hr_42	MDM 18hr	42
MDM 18hr_31	MDM 18hr	31
MDM 18hr_46	MDM 18hr	46
MDM 18hr_32	MDM 18hr	32
MDM 18hr_9	MDM 18hr	9
MDM 18hr_14	MDM 18hr	14
MDM 18hr_10	MDM 18hr	10
MDM 18hr_41	MDM 18hr	41
MDM 18hr_4	MDM 18hr	4
MDM 18hr_28	MDM 18hr	28
MDM 18hr_33	MDM 18hr	33
MDM 18hr_7	MDM 18hr	7
MDM 18hr_34	MDM 18hr	34
MDM 18hr_15	MDM 18hr	15
MDM 18hr_20	MDM 18hr	20
MDM 18hr_30	MDM 18hr	30
MDM 18hr_38	MDM 18hr	38
MDM 18hr_45	MDM 18hr	45
MDM 18hr_23	MDM 18hr	23
MDM 18hr_40	MDM 18hr	40
MDM 18hr_39	MDM 18hr	39
MDM 18hr_18	MDM 18hr	18
MDM 18hr_21	MDM 18hr	21
MDM 18hr_12	MDM 18hr	12
MDM 18hr_27	MDM 18hr	27
MDM 18hr_26	MDM 18hr	26
MDM 18hr_13	MDM 18hr	13
MDM 18hr_25	MDM 18hr	25
MDM 18hr_17	MDM 18hr	17
MDM 18hr_22	MDM 18hr	22
MDM 18hr_6	MDM 18hr	6
MDM 18hr_24	MDM 18hr	24
MDM 18hr_29	MDM 18hr	29
MDM 18hr_19	MDM 18hr	19
MDM 18hr_2	MDM 18hr	2
MDM 18hr_1	MDM 18hr	1
MDM 18hr_36	MDM 18hr	36
MDM 18hr_44	MDM 18hr	44
MDM 18hr_8	MDM 18hr	8
MDM 18hr_37	MDM 18hr	37
MDM 18hr_16	MDM 18hr	16
MDM 18hr_5	MDM 18hr	5
MDM 18hr_11	MDM 18hr	11
MDM re-stimulation_2	MDM re-stimulation	2
MDM re-stimulation_15	MDM re-stimulation	15
MDM re-stimulation_18	MDM re-stimulation	18
MDM re-stimulation_27	MDM re-stimulation	27
MDM re-stimulation_28	MDM re-stimulation	28
MDM re-stimulation_16	MDM re-stimulation	16
MDM re-stimulation_21	MDM re-stimulation	21
MDM re-stimulation_7	MDM re-stimulation	7
MDM re-stimulation_13	MDM re-stimulation	13
MDM re-stimulation_17	MDM re-stimulation	17
MDM re-stimulation_34	MDM re-stimulation	34
MDM re-stimulation_3	MDM re-stimulation	3
MDM re-stimulation_9	MDM re-stimulation	9
MDM re-stimulation_29	MDM re-stimulation	29
MDM re-stimulation_22	MDM re-stimulation	22
MDM re-stimulation_36	MDM re-stimulation	36
MDM re-stimulation_19	MDM re-stimulation	19
MDM re-stimulation_1	MDM re-stimulation	1
MDM re-stimulation_25	MDM re-stimulation	25
MDM re-stimulation_30	MDM re-stimulation	30
MDM re-stimulation_32	MDM re-stimulation	32
MDM re-stimulation_8	MDM re-stimulation	8
MDM re-stimulation_10	MDM re-stimulation	10
MDM re-stimulation_23	MDM re-stimulation	23
MDM re-stimulation_4	MDM re-stimulation	4
MDM re-stimulation_31	MDM re-stimulation	31
MDM re-stimulation_35	MDM re-stimulation	35
MDM re-stimulation_20	MDM re-stimulation	20
MDM re-stimulation_11	MDM re-stimulation	11
MDM re-stimulation_26	MDM re-stimulation	26
MDM re-stimulation_5	MDM re-stimulation	5
MDM re-stimulation_12	MDM re-stimulation	12
MDM re-stimulation_6	MDM re-stimulation	6
MDM re-stimulation_33	MDM re-stimulation	33
MDM re-stimulation_14	MDM re-stimulation	14
MDM re-stimulation_24	MDM re-stimulation	24
